id,angle_1,angle_2,angle_3,angle_4,angle_5,ges
73435_501_0,127.87498365109822,169.70142015917716,179.57055810172415,23.896367299282332,114.67927106188905,0
71514_502_0,127.795497836595,170.04841207829867,179.12627588803318,17.665186201579235,74.08587908478816,0
50655_503_0,139.66187309523886,173.5039524221203,175.1114773580193,15.816176951056546,49.76929327677148,0
98419_504_0,143.37917276185814,176.40707498422904,173.88713865922605,13.956444383711762,44.986069589500595,0
53607_505_0,144.41968641866234,174.03287351329115,176.8868567082812,17.571399647991186,41.751818251942744,0
75840_506_0,144.42835976539303,176.541212275867,176.0428620922371,12.768439787380704,37.59512194490328,0
30775_507_0,145.25791264695116,173.56102252522854,174.02210886200177,13.897513038038866,38.06389980897216,0
96448_508_0,144.47272638069373,176.91048766181868,177.59192952533908,12.263287957088783,37.45973319179946,0
56431_509_0,143.53295178038715,176.65805614273881,176.89697382811855,15.215037716582138,41.26908729829881,0
58134_510_0,143.25407903268643,175.88550638061034,177.7908724046997,10.956887562490849,39.48196272693482,0
67148_511_0,144.7961176474989,173.21829646353143,173.53931174762954,15.646164429885122,44.06409618471423,0
61502_512_0,146.3540497743533,173.86262854879266,176.99254247741652,17.477087846753555,43.7240376996521,0
97651_513_0,145.3999935312126,173.86262854879266,177.26872151262,16.923037480740863,42.20606059865177,0
16504_514_0,142.45748188288988,171.21040700776902,177.61495562541646,18.914234037972374,48.285276474738424,0
77094_515_0,143.2724540624342,172.39522626764733,174.39383404853336,27.105901501457986,59.45206409148963,0
64973_516_0,146.87516397970012,169.97994719780982,175.3755584791781,29.65692932008383,56.61308191773434,0
42637_517_0,146.05064411776982,171.71931775727825,176.04611921073501,28.572752676007138,56.88190723350728,0
77271_518_0,143.10140720419471,175.674518511156,178.02218656306198,19.040163420166824,43.7445840941129,0
52894_519_0,147.94476431591426,176.21935257479737,176.58667225206003,12.72979769217125,35.326644567596496,0
30618_520_0,159.76121796992334,176.7231339148544,51.46407431937684,148.94323092055367,164.7301762464875,0
67848_521_0,128.89062151152103,174.94323015691734,54.54094800783604,161.13333657378357,156.25050550713325,0
57890_522_0,134.47504130438767,175.1946824414161,25.812103395372425,136.78991060824606,145.61965527615513,0
39501_523_0,132.05893400964058,170.62124415712583,36.72312436426056,120.47057262912696,149.6664841445162,0
80483_524_0,148.2359489297023,175.06078445787378,44.2690827005359,115.51094055885302,143.45684428400986,0
98482_525_0,147.49429449362052,178.00212014352326,31.230186159853822,153.97821856155835,164.41422641335083,0
89612_526_0,150.97401993493438,179.82297961728077,175.07289005235089,74.60192012547243,158.9245056260163,0
40064_527_0,132.6058286771104,177.76980621536467,36.596628909439175,170.85568277888265,175.66936206711128,0
77840_528_0,139.23816342905883,175.74000496357326,176.47690829013996,4.933920750209456,22.526852400667618,0
88759_529_0,136.28819462162625,176.29791718508764,174.88097733898852,5.735677284786388,26.579257916066048,0
30573_530_0,134.95051645016295,176.8939729043836,175.55188947198602,9.393484700682839,28.89015997362577,0
2874_531_0,140.25795827585313,175.3955128430185,176.36704926051175,5.9943710205170255,19.96947051389596,0
18525_532_0,140.2441807531452,172.944678171847,175.02123915554222,4.055714007505739,17.412247618774174,0
15178_533_0,135.1278921525789,172.3069582214816,179.56739134164224,1.4688007143857,11.00486631452743,0
45153_534_0,138.66913695677871,173.62847793936018,178.77489849176865,4.447384850090529,20.454617969644488,0
21651_535_0,132.83892051177364,179.12098210137393,173.65814681659924,12.378628872816723,5.275730214694616,0
98382_536_0,131.98507211778661,173.93589534136242,177.8537643546519,1.265914762707177,28.20070787109722,0
39958_537_0,138.7141265596209,177.1447722547755,179.2883955853937,15.140107846581659,4.410995311802518,0
93009_538_0,137.53200093335317,178.83453019471426,178.24720449807091,11.729438728438474,6.484715546910336,0
68618_539_0,135.65468448615192,174.3195204980996,175.75529377422038,5.042451069170885,14.481173733996714,0
45621_540_0,137.17363906912712,172.39490061021985,175.44325753961033,1.858209959200459,17.843720229390545,0
95434_541_0,136.28298058492024,179.16082872260765,178.85291395403345,5.66219681594935,19.829039962958618,0
28473_542_0,132.42255965349082,178.64289637318575,178.58498817566087,0.6437457141753082,19.327025547675525,0
45030_543_0,137.39405239688776,173.94980610782744,175.2710853913392,10.798924087338463,22.97922317277255,0
90414_544_0,137.82067931755557,177.06911503525214,174.97592474146046,6.353270784088774,5.590421903815354,0
71060_545_0,131.8269138470228,177.86408445214377,176.64180641000036,6.364564860458925,1.3395471483515593,0
35437_546_0,131.77154621140346,174.5937878277053,178.2759790385075,6.964500724791135,7.044868431935083,0
57352_547_0,124.1476123738043,174.99969337480897,178.90251394661914,12.776141557346048,22.813322106552004,0
88306_548_0,123.90594604573752,172.0462693212089,175.04126023743643,13.308748750258076,16.58992445661935,0
22976_549_0,131.2227678110129,173.87674538133862,179.64279901990176,29.746338945185567,31.390268104187793,0
69651_550_0,126.86989764584402,177.1893027797136,179.72151157894442,57.07661855335412,60.253257967168814,0
79550_551_0,122.51605976759194,172.1366203255344,177.2144379625684,52.31670523610653,62.08622672886552,0
47435_552_0,148.62324225601455,174.22677781238198,177.86466685881527,71.21784040604076,84.95754893082909,0
63946_553_0,151.95553131916697,174.1037912725499,173.29016319224309,70.85924394480756,82.05380526480785,0
82569_554_0,153.9824848645455,176.32856449135016,170.3112134396332,67.63783002949387,71.26823753964892,0
15990_555_0,97.35237935989237,170.2652419762328,14.237280465761073,69.65058472262467,150.83130235610136,0
25818_556_0,102.95531928126579,169.1744405959199,10.437475351118158,52.08936247701783,149.03624346792648,0
96072_557_0,86.99438971981934,164.12405349477743,174.00384657319984,19.895431334765632,165.96375653207352,0
94140_558_0,162.3455993373615,138.4808559639606,177.2042396103934,177.29512401426422,146.3099324740202,0
71420_559_0,166.8620992816748,83.46575911889443,167.45454555990435,174.6657302656404,151.69924423399362,0
35364_560_0,152.46575177254783,175.03422696663822,171.09884827407728,124.85529885797345,60.115713188577956,0
10025_561_0,113.39969471367132,179.6525612296172,169.25244402361065,56.10329661750488,12.664012601347647,0
66706_562_0,114.18834321148898,176.37082346502964,173.9704621269007,26.151405153720237,46.4419233716813,0
53834_563_0,95.74703310259686,175.99377382269918,175.2343153512419,20.527781715802057,64.83910345602,0
30853_564_0,93.57522556034549,173.08046673729427,170.5845502875108,27.32389130134655,75.33217509629993,0
99765_565_0,95.35243134627011,172.47326697687677,170.455992894113,27.13325515594163,58.02130944291485,0
91136_566_0,93.3034269268942,172.67090337608408,170.70384838034155,19.31879302938831,54.59375106266478,0
11455_567_0,85.74448771858562,174.23307009253614,171.3995745963734,26.555116067152746,49.24893834426113,0
56353_568_0,101.59659894083724,176.6335393365703,174.79066661845513,33.73397232927372,38.99099404250548,0
77983_569_0,99.59573503043579,175.1333652240155,172.65762589443625,34.34315175307871,45.1918378306105,0
48261_570_0,89.8880943229338,174.16719800272722,176.75281353896835,49.16635213794334,55.84030545433057,0
48008_571_0,127.00595873094595,170.1816230801966,166.74161268823613,83.64406765571876,78.37594257628558,0
1717_572_0,129.20720350496785,169.00177011572876,168.37571783743186,163.31597848526377,29.416713276795576,0
21900_573_0,175.2637681841625,162.51239797164868,154.8321298502184,169.8907015075048,171.35306829204694,0
53157_574_0,158.1541062217223,174.21348972794044,174.79559504253783,179.91169988958046,177.3632415738597,0
96441_575_0,171.71192655945922,177.4791720922898,170.03994164125598,174.81985005810455,173.34113109543188,0
75885_576_0,158.72839107595257,172.41928655807882,175.01257429822047,171.00805586071314,167.27564431457765,0
53208_577_0,176.85854615002535,171.48276989169312,163.69277768676713,167.9052429229879,72.75854060106003,0
32404_578_0,140.72639451037898,179.57111820121835,160.30270419041503,99.04197793811439,94.75804339287765,0
78010_579_0,124.46157848402895,177.6105253317631,176.31596584704863,66.97423269114421,71.06730745508185,0
82990_580_0,124.50675275997827,177.9987642845105,172.01088024148484,43.52917528980061,52.66801345445518,0
35985_581_0,129.02374054610365,175.1095979419462,174.23486544202763,42.424624404956006,54.07630203086588,0
3490_582_0,177.2541470467996,158.62692005556235,106.75499974931053,116.50640659211925,137.68977032315047,0
56875_583_0,177.8343847470973,173.5398951491328,175.55206822570648,111.91516325343932,151.37709419987343,0
4228_584_0,173.89690809585227,171.02441908070728,177.49318049489918,91.40454739141394,110.33618528753644,0
4352_585_0,119.14591865152977,179.91663042695228,174.22256018632433,32.98274815743554,50.44701141772194,0
10348_586_0,109.14893808087164,172.21335672812486,174.48396985740516,23.772781908954986,75.71472930257002,0
74819_587_0,115.3264002995848,174.24677327128114,176.59775184621287,20.750316540914653,59.20969131199447,0
91793_588_0,110.36404255275107,170.43296612730936,169.95518081201294,18.77082643809145,64.11260923815502,0
81946_589_0,114.77729620680428,175.299240061433,172.71673325795442,25.48757190260128,43.69433934273091,0
11810_590_0,118.69476302311304,176.51363650447516,170.661605023764,39.004613195924534,68.1701276349597,0
74045_591_0,109.66692622556174,177.56668789767642,171.50312811688954,32.37469735245626,75.35373082376645,0
39737_592_0,105.03043052343328,176.49034432146792,171.72909734770738,34.13064581177612,67.62603817523026,0
32363_593_0,103.72301459789851,176.51067509420375,173.1638027661052,31.041159076036266,43.163543282533595,0
69652_594_0,114.43374316930915,174.67212731143772,173.9531656037918,39.7081143168165,47.12109639666145,0
28150_595_0,109.3032883306027,174.6745764862626,178.13029030753938,38.0520344233876,40.23065780391873,0
92332_596_0,106.37944653306226,172.45042258898755,173.96880357904755,30.106752671056775,36.928032204324744,0
40894_597_0,106.89942243405048,169.6939826046521,172.11454431624904,32.11838836100508,39.386334928182734,0
82555_598_0,111.2318210859749,174.7972603703379,178.3767652657426,28.35774558130008,46.88818800674093,0
61988_599_0,116.54831270851736,170.87183302046392,176.31501477535966,46.98592207822947,54.56984819750581,0
69951_600_0,113.97615360096187,173.45802219644963,175.64807900275974,32.29726808239475,36.18288746066313,0
23853_601_0,120.15216201868324,173.99286698697824,172.94124449760014,44.40140915745787,45.90260320114193,0
57395_602_0,122.24011278726974,174.23736711340158,174.77421280398542,63.40338959751927,67.13689604187519,0
61759_603_0,129.1765367213594,172.60527567008512,175.6507669197237,63.87144885621688,64.16144141518231,0
60982_604_0,102.49376780716133,172.80058390862249,170.54452480192188,95.47116107269703,172.1426327274618,0
87856_605_0,98.5087033162703,173.06793805297977,173.24104175450026,157.07840762203236,171.52852335034532,0
75930_606_0,108.33407607588767,173.6805977232479,173.4955029049765,144.08334925207188,159.56437073505168,0
62692_607_0,122.36975129356645,176.0020483002077,175.16924447748423,17.019779281188864,8.746162262555254,0
14351_608_0,128.0996718307227,177.51782600400153,174.80320050054667,27.69947280805499,6.324972126782901,0
77981_609_0,126.32638590701538,179.7121442037416,177.82525588539002,19.054431534315064,8.880659150520234,0
31368_610_0,126.80776597363602,177.80663106671284,175.80055835689384,25.836507286576506,1.5991464394414432,0
26237_611_0,125.33266225295937,179.0386644422742,176.6335393365703,20.169607973354132,3.088108032507908,0
50279_612_0,125.99149625797483,177.13759477388834,176.07457385573807,19.283015199526776,5.122483217074962,0
39105_613_0,125.14657785693906,178.21534733241225,178.02122488836198,14.625181756889047,11.850782798400187,0
43084_614_0,126.02063561168248,177.12276056630307,176.77342326593947,12.929810173199197,11.821488340607257,0
15576_615_0,125.12940123794938,177.67622884316123,178.2428379259264,12.048847007099637,11.064730920268921,0
2495_616_0,126.23724709667117,178.38318123530854,178.92393445310643,10.692096392904274,13.077568224464569,0
6028_617_0,123.9028642430467,178.3413603529473,176.76327240180504,22.41066023794371,0.784824602992177,0
15451_618_0,125.17691920821514,179.70466354605517,178.25454260604687,21.4613641186932,5.870962585027829,0
5382_619_0,123.76046503534937,178.16739304733818,179.11001818135443,15.85023422283279,16.163200811456935,0
33540_620_0,126.458479416197,178.60929353411248,177.93064810074975,19.483301408219415,10.137803853085133,0
9264_621_0,129.84663653532002,179.43790106595907,178.3728657116483,26.641040230021403,14.173445742822917,0
97183_622_0,126.75195272187244,177.98151779921486,176.27458110485804,30.077992540863583,13.109208198154295,0
8482_623_0,125.22714380967884,179.69147735746347,176.98936071832168,38.74731605853892,26.131000544938598,0
28612_624_0,126.61675151907066,179.23909490995243,176.8207207057574,40.110154233853805,34.28153770040835,0
86761_625_0,125.72739822279969,179.67991517621786,177.86235637508935,42.13960578717279,35.74427225544778,0
21875_626_0,126.7565530271057,178.6573759734622,175.6207466148948,38.590494884494284,34.91183021660998,0
78479_627_0,127.11155614362981,178.7119687580017,177.90109406679645,32.96163638855019,19.38033792738646,0
16906_628_0,125.44571032759825,178.77794190177784,177.806214333509,33.80779417016129,25.532090798195586,0
38714_629_0,127.43001139582209,176.45879394704235,176.1700539349067,36.21139872726593,31.041261766521167,0
1517_630_0,125.02664837004235,173.50225580795214,173.98367040071275,167.55000349219344,172.8010370601593,0
53985_631_0,123.42302543289227,173.75672253837695,171.113665107628,134.75824709073189,167.70160303073922,0
35979_632_0,128.5736780340817,173.4431900819791,172.79663681240058,132.80731374532556,154.46410362722798,0
46202_633_0,124.58405890021909,176.38222964618888,176.1998107540995,3.0790078000223766,34.23746277685754,0
24686_634_0,129.9971132791359,176.99551984381023,176.81875512295437,10.060689795322947,41.74941955347152,0
73623_635_0,127.92789428428591,177.42051978030727,174.9482184104763,7.02225213908257,15.0905010083213,0
44986_636_0,122.05157291642358,177.63319904338886,173.28858581727923,29.9315118405078,10.885527054658743,0
79657_637_0,122.37960831653028,176.78996219954195,175.0496265858141,25.369902304563016,3.3433761443271757,0
37441_638_0,119.79128864221957,178.12003094731386,177.55795885145855,20.681234595198664,4.377740928740054,0
10828_639_0,178.57284192466287,141.3812407513583,150.70863782901574,178.03251551314426,175.0287761164058,0
3664_640_0,121.43380505463041,178.93028610071644,173.67806306852538,46.14249942304433,74.32480979095186,0
28019_641_0,118.55332733049454,178.7737461308942,173.76519583514067,39.74257725711318,74.05460409907715,0
9912_642_0,113.69521301423745,177.87890360333856,173.20517077771524,43.13232116056584,109.40362573785576,0
96318_643_0,114.4929575481497,179.4368224021618,173.72980372965782,41.54668374946891,95.86960044301472,0
1590_644_0,121.21776305263408,179.19692720406675,174.25755679097554,38.10597709810808,43.07726255026834,0
98540_645_0,116.17619925882146,179.18154453831096,173.6958944645328,31.24419756316907,38.254420352517194,0
56909_646_0,116.76399405643862,179.3558522299289,175.5050858199999,41.4998294028748,61.38954033403478,0
1379_647_0,122.49055437601675,177.11226005562062,171.0400485075677,39.470297988196464,23.46541905654671,0
38869_648_0,129.27216467839455,175.89178346476484,170.23959764470243,42.50058040347929,21.797156849269676,0
3440_649_0,127.65808773212048,178.66086203707022,1.1708456258760682,138.23649314359986,163.1378060557744,0
72124_650_0,111.73371601653409,175.92954529010984,179.06183418853448,71.56505117707799,141.4993462796546,0
25953_651_0,126.50129658639322,162.00409070275967,178.6613636861635,23.161268909392476,7.4040253871663895,0
90076_652_0,144.8218264592133,173.64990812165655,176.26860300083962,10.393402471685942,3.3410231959325247,0
77560_653_0,107.02584884899414,175.31536041475542,20.42265765406072,156.4111426158502,173.69735463109637,0
18021_654_0,125.2481139306706,175.78146945837273,176.56250567656772,23.710333748093614,22.09373235558035,0
62713_655_0,147.07993473107112,161.7197902004825,175.84928009852234,13.714811891878465,3.219074438317319,0
94379_656_0,121.92379703997074,179.41333651655523,42.12656150240649,32.64773032214586,0.6740368979854533,0
44207_657_0,136.65809900721598,178.7455483773183,173.18022308603906,21.576721306727325,7.431407971172539,0
48465_658_0,136.2846568130169,177.3630424483406,172.2299590798804,30.94511163214165,14.343167394988228,0
12625_659_0,135.07158985801303,178.7455483773183,171.77765909447282,32.757668801125554,17.31651819892947,0
7800_660_0,169.99440558457746,151.998571648969,129.8152363721184,143.01423642612752,151.66954191445996,0
71415_661_0,160.6670277594222,157.8970365637799,163.44417997910386,173.7601008389767,174.74379412908763,0
63611_662_0,166.15438873644507,157.37526296187664,179.76004699819993,172.7402759537402,161.565051177078,0
96411_663_0,171.7876155872635,176.24144431452797,170.08653924518705,169.86219614691487,180.0,0
50858_664_0,134.5378533249294,179.7187005118201,176.10629244490292,20.690668513933108,1.2176611785945421,0
70567_665_0,134.0422943458946,178.86839501625468,178.8737137212415,22.839422983728998,3.043735887658822,0
34174_666_0,140.75240469381862,178.57833021724372,179.19438321453796,5.3410748800471195,13.063954127386308,0
56028_667_0,136.55795557957745,176.37693807289426,177.680666467612,8.84791380798534,9.428185069838435,0
52073_668_0,127.1734197309542,177.74736304998385,178.44734839691503,16.726727323551472,2.6837751594690458,0
20373_669_0,133.069412558833,174.9695401990936,178.33489394189618,3.9234338460610285,20.552820195410757,0
67568_670_0,132.29145238469468,176.55786271561857,179.62364902560935,3.94518622903751,28.87682984719667,0
36829_671_0,136.8298970889638,174.8557630255042,178.98868145049607,10.345979520083699,9.794799692892612,0
31725_672_0,138.8513101041178,175.10779356155217,179.26005874680715,2.80898882903612,27.83405394055083,0
17572_673_0,138.42676499958415,174.91876423398773,179.89925624597777,6.724912660458047,28.827840984217453,0
18145_674_0,138.66550193964184,176.02061754732168,179.35338426803727,15.092541801871322,39.1512232789967,0
87007_675_0,135.0714568077706,173.9835097790103,179.162905932538,22.463212489407177,54.958070598460985,0
60879_676_0,135.12318121951387,174.20819795863483,179.69952806209378,24.146989481504473,55.09789937211111,0
21216_677_0,137.60657621192695,176.20008165394228,179.18122265130668,23.76382201932809,53.780925712478926,0
85175_678_0,136.39718102729637,174.2974421726661,178.751780295816,32.41140387174534,59.40341820584667,0
16164_679_0,136.36719788531522,175.64608471609947,177.47810511496527,32.83059048378169,58.67671392462228,0
44271_680_0,136.30674112757242,176.83952587333192,176.59081849484386,33.94464377257713,65.75750275601091,0
7382_681_0,137.71603118877078,176.07931747074636,175.11451346232934,37.63102044167672,64.83807925879604,0
76822_682_0,138.36569948026064,176.23990249588675,174.66371029990847,40.93981820663648,69.59796660612487,0
67780_683_0,137.02033237931678,175.41643104952885,174.61967050880202,41.7293259591037,69.59796660612487,0
79162_684_0,139.05766307613666,176.643021380792,171.80329337048275,46.883968746889934,72.71358278492306,0
61480_685_0,139.78188173091272,175.88835209519095,172.0690000611136,46.572661296689304,71.86050786357467,0
99318_686_0,138.4779421988814,175.95441858294248,172.27723304248036,47.39500551687234,71.60920821833511,0
8478_687_0,140.15805558866597,176.18592516570973,171.85832975189405,51.049461036591026,75.37401123013633,0
11066_688_0,138.7952690313389,175.48551651612664,173.2297517457427,47.92703474732625,74.44181624737857,0
18439_689_0,140.73045073126778,176.26980989686265,171.57824181744022,52.615867114810996,79.57794082983497,0
73984_690_0,141.20393569001905,175.49542673238906,171.00258274740307,54.59827197608754,80.09581678702612,0
13180_691_0,144.6068713293225,176.35005511018318,173.04124246932528,61.05425412240209,89.9351613484856,0
28101_692_0,144.15617942434508,175.29053735104364,173.5865492483536,65.53456909385902,92.23005101817165,0
98890_693_0,144.50183869537562,175.45484167920554,173.80870233361765,66.30172095177069,95.1338839008448,0
77353_694_0,143.0609602563678,171.1522427418729,175.36573565602447,66.9383247485339,95.77432590266328,0
50656_695_0,143.99429482467755,175.14690361300762,173.7428937229878,70.0450354496551,100.37122557850185,0
9050_696_0,141.05245995614453,175.6539393131757,173.39366959768066,77.98474513002131,103.88036301475087,0
67840_697_0,144.03584370529322,173.96013282777548,175.1133367093372,78.21504597561938,106.49303530737564,0
57781_698_0,143.9638698092924,177.85526394556226,173.39791977035208,75.72412689826785,104.72071112230486,0
29556_699_0,146.75894976673857,176.57612875506936,173.44845955617444,73.95813076073419,102.52011599509302,0
35158_700_0,146.78489944470414,178.23136806736505,172.88364121819956,73.63315372564152,99.51717295637413,0
67847_701_0,146.33925977713022,175.3696222982317,173.91303896557935,67.14457357440489,94.27322462804253,0
62191_702_0,145.36798601564834,177.80731374532542,171.73020697895817,64.76297601450099,88.93780175950168,0
48857_703_0,146.32648716281497,172.36795459018342,177.72412698808387,63.280725403100725,77.6805547433634,0
85974_704_0,144.05503672265627,174.40667559692886,179.66117287365938,54.15359514464215,83.91716345258916,0
50011_705_0,140.29748966334085,175.5370617352402,177.8696294403388,43.70467758514678,67.10944834375168,0
3684_706_0,145.51156669576957,176.20363364281943,179.81557798203085,33.44323216043754,62.667366404035896,0
31932_707_0,142.94465953756347,173.66328262068043,177.86777948941125,26.103264450296816,56.18562755310578,0
13725_708_0,138.62245397159148,176.9783442784046,177.3909036169114,23.745821793506146,52.97676878752662,0
10339_709_0,140.70910848318007,175.36453657309738,179.17193437746343,19.386826901692512,45.969351435253365,0
23691_710_0,138.70462744207714,174.47245984834382,179.5606448579855,17.865360422545113,48.16741346247552,0
91122_711_0,133.54954536693717,176.1946849836306,178.28555452940486,11.486353284158135,45.82237097999818,0
97204_712_0,133.26242719227633,176.03915062769127,178.1263254667199,5.458546008855853,33.44991455098291,0
68036_713_0,133.74078187898317,176.07860111232182,177.94205374968894,2.6159206296867703,33.56631873457333,0
18768_714_0,134.4798191478522,173.84104535223446,176.18491886436757,0.594744515219275,29.83412698724719,0
30619_501_1,176.00561468728984,71.62208079943186,86.33344559745937,88.49642273774347,104.24182961784918,1
22440_502_1,167.33574152778692,81.02850218804119,81.02970725709704,89.4073061813833,89.43326795603257,1
5134_503_1,168.63291464766596,69.03124887770697,77.23621433478436,83.23382517744695,88.07366721346995,1
91716_504_1,173.27928183646983,70.76423046487815,80.52893334860482,83.27497582796062,87.49859768215852,1
65924_505_1,153.77803322244557,90.69735811477189,86.83542637811445,81.65777279212837,99.3276145106676,1
21649_506_1,170.7633394038445,83.77010897356782,96.62192659381503,88.80913198713418,104.25025164973576,1
13582_507_1,171.7432099441194,100.06612393708339,92.0023866260314,85.72462722354769,93.52624823209351,1
77017_508_1,169.4817292958868,106.78775049341574,96.70797495325573,89.11160801257513,94.50845618464537,1
6895_509_1,176.48805734830108,93.55189928453548,90.66969042278394,85.87918204924641,90.14926295097727,1
19558_510_1,166.20229724233957,83.49859850722284,85.094106494703,81.2444985721627,87.46542290010204,1
60021_511_1,160.740990626481,83.79342317208877,85.61229613863138,80.27875737464943,85.10013891382789,1
48074_512_1,160.04114243600358,83.86430703707562,82.91656062472138,75.58775631524118,80.61471330308078,1
31005_513_1,154.4536299757666,94.29720060183357,88.84066813563997,81.8419098049472,88.45841769361546,1
48928_514_1,150.91912931772708,96.0084483723226,87.71380759236807,80.5792276494021,87.32516768003417,1
51185_515_1,151.27391919452916,94.26659518746216,85.76271844324388,78.94964829740545,83.03216679022984,1
77950_516_1,148.9480961843736,104.81856268023768,89.89292830207569,81.27258114819496,82.76661564830437,1
88375_517_1,147.16241070307296,102.20281766595464,83.63468615601131,73.92387076355435,75.85112933889182,1
90140_518_1,147.0305960965379,101.73491849130112,83.34051681728229,72.65445628201151,77.93511558947458,1
67891_519_1,146.06998862405854,96.05042668731349,77.1137044662449,65.95433811412829,67.15150455329837,1
71527_520_1,145.19936729096744,92.38747269236421,74.3487392448664,61.085652759850795,58.34283369842306,1
78461_521_1,146.1150496217816,98.99528564150236,76.52129749213297,59.861665828840614,54.38599148946898,1
52417_522_1,144.8213027392951,73.14043999295775,60.706916011322605,51.10373610300599,38.717507911838624,1
58606_523_1,149.2399810586849,45.4519292914878,38.3391032573693,24.078372261400933,1.5099180297859012,1
32859_524_1,135.12175769667743,73.71577500435104,65.65295643032212,56.92403849781586,47.5606635223644,1
81605_525_1,139.4676256659963,55.5367570136999,47.21669972470726,34.171723050638924,10.947560625778348,1
73161_526_1,136.21428734512435,60.230443519607796,51.28931870310742,40.88604235860374,23.511007418274506,1
66138_527_1,140.91607048450695,47.07189190876636,40.55589387834732,27.912551942577085,7.129236410727662,1
57784_528_1,136.69536320311926,85.08553738258523,75.4915970793822,63.031504102878394,44.16093023539748,1
33675_529_1,136.20986398533134,71.41717022767425,60.5215568742183,42.25835287703999,16.805530174510565,1
80196_530_1,138.0344417592746,77.68945667185044,69.40698499621111,54.2726017772003,31.5163510369763,1
80737_531_1,136.76447784546588,69.23127464366414,56.765282305438625,38.90126016243979,10.00797980144135,1
20922_532_1,138.62060463700138,76.46696280212417,68.6889294200714,54.788017114968945,34.46392712919872,1
46348_533_1,133.546620527529,69.98838381935627,59.23254421183395,42.08382795073287,13.389111478370138,1
89374_534_1,139.7801629646377,68.65012763256225,60.868978566167115,48.01278750418334,22.83365417791755,1
35259_535_1,140.2821506656905,69.8102413344677,61.412097726378406,44.39755916606273,14.983194914699906,1
65146_536_1,141.0252976493122,73.94707619757814,64.32632467329775,48.4710148895533,22.773215614350192,1
64897_537_1,142.74914242888735,69.7147792773534,61.91435613879892,45.58055801024638,12.528807709151492,1
21000_538_1,150.4241508936914,76.12819368089706,65.05810850641548,35.89539913459783,8.115530691318266,1
80328_539_1,146.15591193234786,86.15111262645084,76.55785868191829,58.77955576984131,37.00252652819618,1
89976_540_1,138.5097445898385,83.6422919661879,70.8773232341561,49.42547491207886,27.42394632829054,1
20390_541_1,140.33042482662285,76.25215567112645,64.08600920315149,39.41503234256281,5.856013585428907,1
18919_542_1,141.1103658529282,77.62451396429695,64.52789947066704,45.18352204858637,14.712047009334016,1
61100_543_1,145.3964097619948,73.30216995283845,56.933004609342966,33.02252223706405,6.994872837316003,1
55752_544_1,153.6319602333159,79.362495571926,69.96988478126681,44.4156533986593,1.9414863909145343,1
79552_545_1,149.9853450455453,74.36283791401877,62.96913974015701,30.57545654514848,14.841382635056792,1
3906_546_1,149.70898829806674,84.88958243896877,74.03498449722564,46.270677686867856,10.508645143913174,1
35078_547_1,151.52579638992563,83.54482317116238,76.99838197238297,49.84011248884704,2.7927023657133487,1
7253_548_1,153.29221941830718,84.12422632979545,75.0529772715162,48.36646066342981,18.55023192592773,1
23048_549_1,146.23766235655418,100.84030545433056,100.15771896507877,98.2127801892859,107.38406016481274,1
14054_550_1,150.29335270165467,95.6061659514666,103.18296515854085,109.14162200818132,126.40408856307904,1
94957_551_1,156.40649939647193,82.95082183250472,103.49924825146795,115.523424501068,137.71402103709923,1
96223_552_1,162.18111108547726,105.91002814028349,117.01857030303597,113.38522105721376,128.98084960572885,1
47264_553_1,151.7070050353663,85.36453657309735,111.13275445623832,117.6203803877464,151.89373017919812,1
6784_554_1,145.75096699318803,96.95625165430914,109.88289396526925,125.15886824036562,137.8155566842112,1
62724_555_1,150.75705830159933,115.3461759419467,121.71134586523797,126.10871316508916,140.68412450086404,1
53211_556_1,145.71312302279105,143.20014605949882,126.61487360515648,130.17572787739374,142.71856751946308,1
28804_557_1,153.20947468487532,128.54118362128133,124.01712862048267,127.1112868024091,148.02950714354398,1
49134_558_1,149.2259638987518,153.74444360885417,141.34019174590992,128.29016319224309,154.2306723756613,1
66600_559_1,152.09956118116855,176.9872124958166,145.54806541814213,133.45184230102205,152.63008021881913,1
61990_560_1,150.26596401421224,178.91498238050266,139.57392125990086,136.02564607596517,152.03776779562563,1
86247_561_1,152.16594605944917,175.6012946450045,134.73515236627267,133.10541058783204,157.83365417791754,1
66605_562_1,156.72709593591802,136.18362869272872,133.9642569348536,125.63833394757171,139.45725006845547,1
89473_563_1,147.90599633199594,92.20121162691834,115.33307377443826,94.76364169072617,154.2170951769787,1
59385_564_1,146.90686753380962,88.37271667760642,105.94539590092286,114.00714662688581,140.1088873476536,1
90508_565_1,136.20063398152504,89.06591244603084,79.14042957391665,61.50436138175502,45.911606219515534,1
64835_566_1,152.74548065513085,93.46411374126924,80.96716065439563,70.47868821229488,60.712969967412725,1
41026_567_1,148.21441903801022,93.99421983239696,80.31853862634985,65.39487608204838,54.208182301472625,1
35632_568_1,156.49585937140824,75.03971117930082,104.53445508054013,120.42106679408612,103.11181587062259,1
28573_569_1,150.53805852415186,115.43880478341651,98.40262409857223,83.43840313171485,80.45547443444187,1
12342_570_1,160.8086819045424,89.77878187333513,79.00151854903116,71.57644878574267,65.93856444776287,1
8226_571_1,140.50369671586526,94.05081372484956,83.61583606048755,77.52518693270999,60.473148711867076,1
13394_572_1,144.2466457196429,98.05742847439363,89.67675502606913,87.73863473810378,65.57489871660391,1
86219_573_1,165.64322404654348,105.8104906652789,105.60267365081337,110.73501660022231,108.53436303116094,1
12989_574_1,179.28917072092878,133.80306736142654,143.98477695118586,160.20830787954938,178.7301044938365,1
49817_575_1,171.83662382219376,123.6900675259798,137.94346737665964,159.39760713362,179.3245183549403,1
64762_576_1,169.69515353123393,125.42872469389656,135.09188552629112,152.77087879746915,167.09722040229684,1
97902_577_1,170.1581194667914,121.5082478229304,131.73484831472575,148.92663479950863,162.66060609648284,1
3711_578_1,152.24145939893995,119.24531222820627,135.33408239174855,161.70212215843264,176.4813885346629,1
86439_579_1,137.8935580862045,115.78141916779391,146.57859284724728,171.78596692819048,169.1966247370782,1
81538_580_1,135.99871591472362,119.02819443074095,143.31655936985052,169.60923872200172,168.70016725785345,1
48184_581_1,132.85825839640592,0.7370980171852721,178.794743918288,161.54543157522653,148.98756397283154,1
3163_582_1,115.788868405742,13.457517902318743,106.0720721913409,171.4803527675406,173.0548442446745,1
84043_583_1,112.39493060476512,8.530765609948139,22.321652340410164,61.5090619953726,131.4677054161091,1
70564_584_1,108.6761363672462,1.9607935001423333,12.720005373786243,44.73350992394159,120.52018516563938,1
30164_585_1,109.35522115863279,17.65772817204381,1.4028815326512871,11.439756525664004,135.49605496039524,1
8940_586_1,108.31740578845783,3.36646066342994,17.07671519967082,13.33196696096175,139.5879781240725,1
49408_587_1,110.83404758985755,5.710593137499568,10.257028602192596,9.002893796187145,131.43799136029935,1
59166_588_1,118.2242509821129,0.18131515269975465,27.27676338311368,64.11597432063931,113.07041224982466,1
16723_589_1,118.74901262455153,8.833196277595283,15.37625124882619,15.05899699636815,49.5782630004687,1
70064_590_1,118.07146393698662,7.2093811294527805,10.900588783577374,12.381356664815051,41.063167143043955,1
72521_591_1,115.84700182511644,17.519983445432445,14.739366982879188,22.003823438507087,62.27826467153715,1
70234_592_1,119.43482720152257,8.913442659968618,18.386310651657013,32.81458511966857,67.67714161624492,1
79350_593_1,124.74055429789114,12.042575142885008,5.854507802863688,13.178123891109339,33.34909523157116,1
24385_594_1,128.58259098685056,27.131783221045406,13.198411125321904,4.55469280571266,14.414317595686974,1
96661_595_1,126.44484890140002,32.37876835641286,16.421640519289056,10.389743358606394,3.6633273307544822,1
77674_596_1,121.2991254101736,17.698355050516273,0.24673514448765163,10.170300037972515,43.18798453964345,1
68411_597_1,123.516593555293,15.981310509369754,6.216599779675124,3.346179322620527,24.961771112397496,1
63996_598_1,126.5265848334108,23.58399960377878,13.867006906678151,5.311894764832067,8.52199095773399,1
82056_599_1,133.14097509534517,38.82490589748353,20.556045219583442,7.9446894448376435,12.719777151029584,1
28616_600_1,137.09122939270176,31.97080519205627,20.214567392566163,10.856413348062267,0.612958522445158,1
41271_601_1,146.89581419765148,32.772818398740014,15.059137372408914,22.99589402608331,35.62642975829644,1
47440_602_1,179.19566634951727,84.35945056784317,100.09105723888892,103.57043438516149,106.98965596766807,1
50250_603_1,177.07864532749045,120.82459726173725,117.69947280805499,114.2710462313497,126.3843518158359,1
27665_604_1,139.47412155825788,50.90213945296453,42.43622978853499,52.2920589645827,69.19320898728877,1
45999_605_1,154.5144185435735,118.66792105025917,126.02737338510362,122.75851092790231,131.22951266548912,1
33089_606_1,141.3798261023899,68.25706750856439,37.156940145974694,43.264686140483576,65.41997726384787,1
34251_607_1,148.09636227207633,72.43253125173742,40.03525410925068,43.713249178885334,67.8577640519208,1
29198_608_1,163.95415173885297,95.19971108523556,56.07493031365851,57.981838964404645,78.98250741594227,1
40721_609_1,169.97023650699265,131.06879289711148,87.436229788535,82.47732185208227,103.6685851454519,1
62381_610_1,171.6183783690602,123.9704687760195,89.41313866899591,85.43205497033189,99.49446870522088,1
22588_611_1,174.7379308991726,133.97504361141986,99.2256799340865,92.75865799075929,101.00691129084754,1
94355_612_1,172.52783425997652,130.2808103153938,96.26226864326509,91.76066314804368,100.30852942688355,1
95242_613_1,177.31472855463568,139.7636416907262,112.62752174065997,104.3717217152685,106.85602528888657,1
37378_614_1,171.8632104633915,131.86208165550443,112.99172937550094,103.99979399236057,107.16958515751111,1
21023_615_1,167.09817816305056,127.27366389875206,111.35082301732618,103.16862947721576,104.59712127457887,1
17900_616_1,164.706318819097,121.6086019099824,109.91679767679945,104.38826108948638,104.87313456533252,1
98610_617_1,160.60447167750252,128.8878075082308,110.78597822178654,104.5700322336112,102.59069702925044,1
79734_618_1,159.35715079623486,115.58723829708701,108.25791186536775,100.04758131999583,102.91781284393396,1
93209_619_1,155.51460804769937,113.80487242916554,103.85200471499373,94.15478574170528,98.11402674206462,1
30975_620_1,150.97971887679427,114.9025182300121,105.87600154296848,97.90270567307928,99.76455787988841,1
20948_621_1,145.5766995048227,108.43494882292201,99.27486274967531,93.27740916610743,95.11434558530118,1
65922_622_1,148.80190620806428,112.40782939461803,100.43249704739088,92.64127156524658,95.48552565503935,1
56022_623_1,144.0094049990941,95.61448528536674,89.59538536833742,85.92376261273448,84.50790513959248,1
80380_624_1,141.65020031665924,96.377292854172,86.98721249581666,82.24399837361314,83.09423970353754,1
77703_625_1,140.39629223989905,90.37943670141898,83.88105393630153,78.63678401161573,80.68229739642375,1
9280_626_1,140.67709010291262,39.420992734844965,20.62785340295766,17.639406381330943,21.929587750175333,1
47385_627_1,135.03976111749864,101.73403290602117,91.20338837821404,85.443481779423,86.90284771526568,1
9633_628_1,135.1773857475323,43.484592099977874,9.706652409339753,7.342014336033348,27.89727103094763,1
98317_629_1,129.22058748726053,84.47409257886638,62.49854843726182,47.02948628940193,34.00372741911257,1
24361_630_1,130.6116010314586,79.90506187740344,54.57216193019761,37.56759813867506,26.253590541694056,1
22525_631_1,134.4734871896322,54.102079127366416,21.86480728013312,3.8803291132738207,22.39250193704985,1
40460_632_1,131.74805439963612,87.9067576504943,60.20538279583389,43.22582228529245,29.09838728246476,1
42924_633_1,148.9061245859895,78.85951850554011,77.07052903505634,58.939214298170675,31.683553369001395,1
89353_634_1,133.0922472303635,89.52965422904921,70.43171518005634,51.83124301113906,39.25584167623283,1
83361_635_1,131.41951307988387,88.37885408634659,68.559055893776,51.2500636277561,35.40152580973921,1
56796_636_1,129.24810269122477,79.88953760969353,63.57120050014,47.8619488060508,24.265251755286005,1
5571_637_1,133.5002890287664,75.68756048420143,62.2954769179469,47.848644331448845,14.362076474592198,1
4329_638_1,130.2687929389895,72.08355086436868,59.47029410006589,42.38771841175575,11.976132444203333,1
43201_639_1,135.97831644817086,78.44942341906736,68.32262554732527,54.07730957652458,26.82820932434789,1
10543_640_1,132.66189709309836,78.11013326515221,67.83365417791754,54.29527959234473,26.63301766893828,1
95080_641_1,134.70006845696057,67.96721053162348,59.069746502513496,41.57961109317532,0.9359038152860866,1
64527_642_1,141.21781734952128,30.34874761543982,4.0687769675297645,56.18419212099059,77.51191423105149,1
5769_643_1,144.70039194394582,41.63353933657021,35.71995431229032,14.036243467926484,112.33820620506218,1
98241_644_1,141.67149722294383,13.483648963023725,9.574227885091865,64.20954278111681,91.68159493045654,1
52929_645_1,146.75842256641673,28.231158740396538,11.032822139499634,68.50865355298497,94.14758178232695,1
62012_646_1,129.09531335223872,65.70822856157514,54.46232220802562,6.7756561693990385,120.3355385115889,1
9673_647_1,133.27203819217183,67.29058248419376,56.068744929696024,20.658910063307477,128.5006537203454,1
26311_648_1,136.4182996593004,68.79237430654531,55.7669235448796,33.27579552573284,2.522412283439408,1
1561_649_1,145.0897486579663,93.02984151087678,66.33178246666218,46.23401815950246,36.45471810469916,1
74838_650_1,145.6398085568974,99.03181644870932,71.3289029850967,50.40379136024971,33.43574423966171,1
7059_651_1,89.87281756846048,139.2867267753937,40.13633668347762,16.524316375989727,39.69714507122509,1
73111_652_1,89.87281756846048,139.2867267753937,40.13633668347762,16.524316375989727,39.69714507122509,1
25817_653_1,137.54148653978478,124.5828365381022,136.9239015592673,153.7630639624506,160.96967282042542,1
80219_654_1,174.81607129331454,120.0370657200098,132.49229827293377,150.03666306768292,172.21984645466165,1
19178_655_1,178.87807184580515,121.81841412868636,134.54119715828938,152.95044682835663,177.10873040377942,1
16947_656_1,164.25272712659512,123.20477177915245,136.20372095197123,150.64614943945836,163.82918238950748,1
87229_657_1,144.53057055651468,118.34017863928997,137.38305785749827,161.17278495779334,174.1351149817773,1
47503_658_1,138.58960869979433,123.02479575837748,143.24089005916335,168.3077908519365,177.3801300876217,1
51232_659_1,134.66494078139087,40.56573910825865,154.57967555912884,179.6746591378649,167.7854255909452,1
20105_660_1,140.63120051709444,15.398863796214535,50.993349234421174,123.16988667383197,129.66708903743645,1
22754_661_1,141.61045285240405,21.852399487289535,56.81369246617232,134.07760739420561,144.23688715862548,1
47402_662_1,123.76575543375402,9.26022153117143,28.38417338478306,133.13122395014622,142.11868042285076,1
24807_663_1,122.93161976465323,22.725596778761087,45.19038793330012,66.23746985186993,95.14276455788425,1
48816_664_1,124.12553485009407,8.380122145009272,23.50413251657776,30.206236434979317,68.07822140604085,1
73531_665_1,116.43468557835433,150.67952412241925,162.59365245646495,170.62065496714683,179.16343966208245,1
22026_666_1,120.94348881228386,9.296069860791526,18.297877841567367,23.198590513648185,59.39548390939341,1
40157_667_1,101.82148834060726,167.36950579311988,179.76637935988998,162.3026332285126,151.7716549283835,1
14540_668_1,119.01474760604859,11.518659344879483,0.8246550288006671,5.521076782451501,28.308781284151042,1
36853_669_1,122.9698336905744,12.19504966189871,0.5181139198706012,4.687104494048363,24.46064125101935,1
28979_670_1,121.19082206911997,10.11761440751258,1.7802034976662824,6.915000177497012,27.27676338311368,1
63695_671_1,176.87381759808449,137.71264433039775,136.45376011968213,128.81946540962372,129.6990734834743,1
68916_672_1,137.92542671538533,122.5711957315928,149.50016676655255,154.47981467812514,176.77970172234967,1
60893_673_1,140.2861578478284,89.6705992195132,122.78831634829048,135.48366726866226,161.34674479510068,1
45656_674_1,130.10682775486168,100.37154052673687,124.8244891569568,144.12829107046875,164.70279331760273,1
15563_675_1,119.52021204605873,9.593768771000157,1.187145493300203,7.596908292474976,31.570497022937328,1
61346_676_1,121.27179538947338,4.418296334028692,5.781117184280634,13.336370329218397,38.53106462532264,1
80016_677_1,119.71344219330331,18.98891946639318,6.287230017490907,0.5710353731150118,17.893252376432983,1
99269_678_1,119.11569087298018,17.45929757116323,3.4682292589173067,1.6378342944922881,17.948361724772,1
70682_679_1,124.4971880128615,35.914756088608954,160.77984921108285,177.19847990030314,177.0953056149087,1
84607_680_1,123.58945213243051,54.13506334325394,58.31151836647222,89.2693814163258,133.60175365876603,1
5360_681_1,130.1720041423,38.908158929716095,40.090099854108445,59.29656946449538,91.52186113175435,1
93246_682_1,137.72631099390625,56.89094385910207,65.38411226862756,89.63924141624074,111.05747601518827,1
47535_683_1,136.7232786989664,58.46520809481171,69.4238109468929,89.17694423307815,114.8205413354891,1
48322_684_1,137.0835613209924,63.85113360608851,78.46050808471824,102.41618865306013,126.01650930910135,1
76095_685_1,140.85691826918367,67.5558649888384,81.01888328322151,104.52461100878892,120.64916156085201,1
61175_686_1,146.05913490880158,83.29800079711545,98.6036104128909,118.54615641502193,133.0723198207493,1
74746_687_1,154.93601626122603,95.0124632727635,104.42994647493182,118.33551264529125,130.15711582992276,1
12852_688_1,154.10754714052334,87.16284313022565,97.33696031256687,114.0588977335198,130.00400765344602,1
45319_689_1,158.206332768008,92.53124462428184,99.65383668499128,110.51826815296783,120.13903504553718,1
70045_690_1,158.62056856702435,92.102646004713,98.53879337701899,109.28888772232267,120.60820218078712,1
43325_691_1,161.56909568020166,91.01528393578286,93.94058592380432,101.76762784467095,113.0650489830133,1
21692_692_1,160.60333529653758,88.04162847644459,91.95000241039881,98.8809684444873,111.19608034803603,1
69824_693_1,163.49633583379548,96.80528372935268,90.14013002818209,91.47838223964912,96.39281358999737,1
82695_694_1,171.47431520444377,106.86034992658354,90.69226005752041,76.37359757723632,69.54584402602963,1
62856_695_1,169.97472109695877,94.82549573306825,84.0776717601638,72.79555889190188,76.20821254555908,1
34144_696_1,168.84049854852876,92.29446014499139,81.97089590827224,75.93189013963452,83.85861964549173,1
53431_697_1,156.66815133163342,92.64466341612822,79.23530434000244,70.97233439548191,74.14948175534629,1
97049_698_1,156.118369176076,97.63245055270193,83.85475587247971,76.99626693457043,79.7954351450987,1
71514_699_1,143.51676829775582,94.43447050610123,63.7984291217662,51.639470518893674,43.05931526259343,1
50807_700_1,141.11237134666095,85.68224568941406,64.27161491901713,53.96108814736661,59.2471115381361,1
39231_701_1,139.36946535778245,85.5172832983009,62.566323685004605,53.342042557683556,54.16234704572172,1
79695_702_1,139.7636416907262,88.14330879386699,69.85644359322822,55.92495169465961,56.02345596374314,1
32695_703_1,140.0192859731246,81.63674257491667,67.27365259511713,57.31863635981724,51.20982614718627,1
66785_704_1,136.29550956434514,75.8973651602665,63.541237248762656,46.28612510958008,15.93612173792307,1
54597_705_1,137.5420865004549,81.46923439005187,67.24804126982647,47.95457982405969,16.93980302095405,1
61715_706_1,137.5420865004549,82.59308787150478,71.03445353373098,52.71567356354848,28.258029614706885,1
35812_707_1,154.8096867428534,91.87554661061387,93.23176373764986,82.5107386968186,72.03483863611686,1
55993_708_1,139.84709970192262,95.23637748894281,94.12476660614239,85.02511057045021,81.28526712513884,1
14234_709_1,166.1334022589729,120.72913139181604,118.47023740632098,110.50450038622114,102.57893523749306,1
74238_710_1,168.71660973200875,117.90767520361577,127.33155848202071,101.68026014856632,35.17291355078411,1
86122_711_1,178.9107592443381,67.28558764683277,137.48955292199918,124.93543179274815,35.727398222799714,1
92964_712_1,143.6400427120126,119.21924669048461,149.23259561053743,163.52073257460086,176.57841697086786,1
6008_713_1,140.31454566994478,126.6967797699258,145.24042785527496,152.4690252644204,160.73522649740832,1
47899_714_1,139.82976264784548,141.23989916102335,170.27678144322624,177.01821581950037,161.88247607083048,1
40077_501_2,158.8991709728962,175.88490534641764,179.05043314356436,179.5755945806388,179.60877235738727,2
70547_502_2,166.1262973145148,172.12342583567428,171.79265681011776,175.29821692583505,179.32701866169668,2
16109_503_2,168.7403122773618,170.01979820705088,170.22972912323394,172.09921057616017,177.67072980961478,2
24259_504_2,167.07786359891213,172.81390075365016,174.48171809396257,175.32258214111818,178.56270524797668,2
24704_505_2,167.9309880479742,170.57791540859589,172.2209506500764,174.07541801801753,178.66556427501308,2
15080_506_2,164.35601679830566,170.17200206522796,173.80116268649428,176.26391765305507,179.6882741339394,2
47554_507_2,163.54164627222337,172.95700819295985,173.39336243749585,175.56005983419408,179.96857061229844,2
18064_508_2,165.36309697849148,172.14288261838723,173.50971680347394,175.7979331848897,179.0327034606317,2
35948_509_2,165.0574739653779,172.8282878346129,173.4438124509554,176.80637308796844,179.23655727177862,2
59367_510_2,161.1435149686502,172.97401601178632,174.9363831469698,175.7976467876154,179.96521907782318,2
4161_511_2,163.35883733536116,172.23064115750978,173.08877288097534,175.91210975841562,179.62875824381996,2
42308_512_2,163.6104596659652,171.16904582626697,173.9238422353492,175.41330091258732,178.81671693818416,2
78766_513_2,164.1903115182391,171.86307103089803,173.89181759785652,174.83350511039959,178.81671693818416,2
30288_514_2,162.33121949695274,173.34523570088174,175.1115990518753,176.83483415815368,178.66495866686387,2
57454_515_2,163.77385936586302,175.7034432751592,176.1754419932874,177.8398489564428,178.73748746979277,2
36037_516_2,165.98652366888408,176.59261511544335,173.9239794028226,176.89671683309717,179.7464805062273,2
15612_517_2,164.3508933247015,176.4027081002367,174.2312723040198,178.90157895106645,179.44492655635943,2
49545_518_2,165.66477193384983,176.56686243240537,174.56535469576818,179.78689234479359,178.63088366731063,2
82117_519_2,158.61310925093443,173.61479235090383,172.3640387352993,176.16290630877035,175.32583628886925,2
18517_520_2,148.7999340462853,176.2577576896851,179.77800511324529,178.57679515336667,179.70390041633075,2
97541_521_2,167.60033357369025,158.91769276993642,170.58395496429804,173.74289372298796,175.3139696518416,2
53893_522_2,167.85982451455862,164.94424787461233,173.56538610945984,175.06078445787384,175.09138661898157,2
99632_523_2,169.5120030218214,171.4495047789059,175.95979598159576,175.1131719617283,175.0548090932797,2
89722_524_2,166.7989128242944,173.61908631388712,177.17111167743948,176.8563324710451,177.0825804868288,2
88449_525_2,168.48549279900055,179.84095065707794,178.79797595152573,177.4237311758205,177.52534236313625,2
26586_526_2,168.89008688976844,179.40414537498998,179.75362692910412,176.7140807389527,176.45074761171483,2
18759_527_2,175.70408479313286,177.88787838891906,178.21235545572586,175.06943735540668,174.75463527888866,2
55741_528_2,174.97574103225045,174.59620863975027,179.8514607205625,174.8649205912401,176.98721249581672,2
91692_529_2,178.06941255883325,176.7530001811151,175.81065709751942,178.0914962376347,179.654154424626,2
80623_530_2,171.2000272393466,178.4360272203275,176.7942871325305,179.0960254406819,177.51814501957926,2
30952_531_2,172.48241142771843,175.90855811029402,177.7318068055146,174.85573053624725,174.6675973635617,2
27668_532_2,174.08607095919945,176.72459735908004,178.1729566817788,175.2944291891735,173.40380190386682,2
79323_533_2,170.25076992391558,174.48379581987302,174.6970122194043,173.47879888751703,174.96837025496902,2
24605_534_2,173.8163788741194,176.42264266875353,177.984646058392,176.5222134802018,175.52913853476156,2
98460_535_2,170.7910591740596,176.8865612519428,175.30078095647713,173.19868517601844,176.12672537614455,2
77729_536_2,169.75923651019235,176.573714308643,175.64907208372358,174.43028236409125,174.83862597208534,2
25881_537_2,168.06062610806802,175.4157920139343,175.09299969389068,175.98812024805818,176.81139352937421,2
32125_538_2,165.6500344134865,177.95702156368193,176.7728534454507,177.91133211389135,176.75968346342606,2
14221_539_2,166.44417929142904,176.694481465171,175.31681371408428,176.18742470193152,176.75968346342606,2
26723_540_2,166.30749521489818,177.42895690465525,174.60319988919443,175.15623923490548,173.5936213992262,2
86225_541_2,166.06516488549866,178.85628229093862,175.68321884942506,173.5319161015112,172.36086478312558,2
56869_542_2,166.81402669772524,179.4686201292975,174.9057034256825,174.93012414706362,174.22116418113495,2
79036_543_2,167.4060667674378,176.835833023407,175.79653973022613,172.11575680342472,172.05552047216267,2
42820_544_2,167.0925913287342,177.7479556545975,176.50536107274664,171.32402467301594,172.87498365109818,2
25007_545_2,162.77087336493193,175.16839181741355,178.48140859112198,173.07468296114786,176.58407236968395,2
40672_546_2,163.6607855332872,174.6390763590486,179.5504702977209,174.8725804704093,174.01504768488462,2
63260_547_2,160.8209919741893,174.7814196796956,178.93545766143924,175.34361998024613,178.155204801843,2
96753_548_2,159.33381575434623,171.66207346417548,179.24004655375538,177.69393542641313,176.70251957420976,2
8392_549_2,160.31758746499625,172.83785896114483,179.37962408446865,179.37272874171217,179.5027492100908,2
33017_550_2,158.11663864206602,173.71356222722932,179.39822838285139,179.43639254642815,179.0122396003602,2
22847_551_2,159.86163598757142,174.23688530831146,179.20394144887106,179.35386766606373,179.045903995683,2
15606_552_2,159.50158189652714,173.84239303764232,178.58557678859793,178.73715257126628,179.51352328595485,2
52335_553_2,159.12964504337793,173.84239303764232,179.53419091723538,178.31531568210352,179.93605384406558,2
25332_554_2,158.19859051364818,174.57892600409724,179.72973889350607,179.00467013860484,179.12970972451873,2
84909_555_2,157.54346351352524,175.23170503392367,179.23585898337177,179.91920219773175,178.27045757275053,2
69875_556_2,160.46161183039723,174.14958673706101,179.52999530139692,179.96807442034262,176.876925024114,2
12100_557_2,158.35727298368803,176.96805082953927,178.52022692118476,179.60611665788397,179.91549301184452,2
38170_558_2,159.13778145938377,174.50894246462514,178.9984596852236,179.708102629763,179.35566733311958,2
45928_559_2,158.03577794635729,176.6166404196399,179.20427644726072,179.70943411254115,175.3893506813394,2
22375_560_2,157.55259501960268,176.9393752217504,178.75192337858883,178.8693090487622,173.94279174476597,2
68395_561_2,156.84752543092858,176.0137508301317,179.6562294481294,176.20532773168418,179.06387775864306,2
92337_562_2,157.1411289014779,176.4407331787167,179.54109287696082,176.4460602219941,174.18506344443122,2
75798_563_2,159.77514056883192,177.03579360856557,179.5569123823648,175.7464735114952,175.25411801718664,2
62999_564_2,156.17217032966138,178.1996289469467,178.59005100175284,173.8187186006141,176.75526127275367,2
23346_565_2,164.2192466904846,175.50284838533233,177.83200460421682,174.79652391414473,178.57502572748456,2
30356_566_2,161.7294883259015,177.04321356568354,175.16013337041304,174.0938588862295,180.0,2
21129_567_2,160.74686750023903,177.954591511113,176.41754722260046,175.35345758490388,176.87544278825,2
23411_568_2,159.57732272208756,176.63353933657007,176.0351661897769,175.6909053916776,178.06553414690393,2
38179_569_2,156.00968403415996,179.3097228021344,174.72231101967643,175.9014297243878,175.99407675147128,2
72848_570_2,158.50967920107954,179.9881888726455,174.6088039856337,175.95600494247896,174.6036401625971,2
55002_571_2,160.76932762433876,176.91032838874804,173.88391526399133,172.69667785893313,170.87499135206403,2
43139_572_2,165.41043433598955,177.39901198711732,174.34218240094197,173.42067362291334,173.9298602274062,2
57026_573_2,167.8388785699344,177.96409416287398,177.01860706227603,174.4145557750653,169.6805818683963,2
38304_574_2,166.44777334785005,177.83273065618286,175.73419270649535,174.77097915874654,176.4465396322499,2
31738_575_2,167.13091145311324,175.62007809297526,174.36644722457794,173.89227843083475,173.7893388085022,2
53767_576_2,165.15154798182212,173.08877288097534,173.90487720291588,175.78966145635562,177.7016071081722,2
69656_577_2,166.54685547855135,173.48394587206053,175.2269065063715,174.8055710922652,177.03436275633857,2
70354_578_2,168.5358611599568,178.9301987389471,175.2318920403203,173.45678026495708,173.23605224548774,2
51814_579_2,171.73131973342402,179.67811698460002,174.87761532528427,173.76045873143758,174.81741487484382,2
66621_580_2,167.90524292298792,176.89191569558201,174.82883180043558,171.94870884718898,177.22083313592782,2
36956_581_2,167.13438859841983,178.15497563369718,174.20610615795644,172.3077757365838,175.34936758977446,2
70804_582_2,163.88081956048484,175.33336792146622,172.46141267912296,170.35878153124727,175.62109961466624,2
45784_583_2,162.92079146456612,173.8995381501709,170.8325290248059,169.0661832142442,175.16663424328004,2
19572_584_2,161.74177151047903,175.75191756111485,172.0457859022697,169.73977572864723,174.553610123128,2
46751_585_2,156.61646060655744,177.05528175579354,173.60312151236874,175.25155271812324,176.10608110038888,2
6138_586_2,154.75635603129734,176.27217475073272,172.8190416853626,173.11938480096342,174.72891131639085,2
79472_587_2,155.17342440278082,177.51785207839953,173.9502175134198,172.9636169740959,175.5825690048466,2
54549_588_2,157.27650007826475,175.0124205728497,172.52467804811175,175.07191822916613,175.92798438996311,2
47107_589_2,153.95512967506986,177.05001610503115,173.50206669152553,172.47617956136136,175.82001818685524,2
42285_590_2,152.1611179150746,177.71041788716812,173.7887251359509,175.78025806274744,178.90097534250327,2
89529_591_2,150.67674806323745,175.17798984191498,170.27786610528102,171.27320906060748,178.62790835053966,2
90712_592_2,150.73007283718636,177.071141800307,171.70303129395538,172.91819720339308,178.22442361548062,2
87029_593_2,160.13722872797482,179.62345066148347,177.29896027906813,176.99466626639315,179.64371759904762,2
82952_594_2,161.79151552941917,179.8847673004568,174.641456908806,174.96429363925432,179.125929706704,2
41597_595_2,159.70740072101702,176.31268267144495,173.49278242989186,175.74974761146981,179.69162279361953,2
66530_596_2,161.28633867319178,173.4433291762277,174.16337147513056,175.87540265598284,179.03824328785674,2
17003_597_2,161.34080924548314,176.40616324910735,176.0147990868832,176.50622354534283,178.19004539064312,2
87933_598_2,160.67448023488976,175.100386770176,177.294304559585,177.42624492423798,177.6223023396627,2
2239_599_2,160.6810816365661,175.1127885284774,177.5762286558864,177.2705991188339,177.78826123379994,2
12874_600_2,159.70873698353455,175.81684813835494,177.90611417329288,177.55434076464377,179.07789422518843,2
64383_601_2,158.8697840650047,176.00029769296177,178.9859077026029,178.11566167524578,179.75940324989276,2
35637_602_2,159.4696608211268,174.87198795413224,178.00813118864139,177.94613498561378,179.47229063720266,2
68076_603_2,159.0442232693678,174.15529240871436,177.27092816286773,177.7561540473644,179.55847281456346,2
84434_604_2,160.49512346289458,173.68698990093952,177.637909933765,178.10526459704647,179.44923008504,2
62783_605_2,157.4861304604646,176.07707923317403,178.55834581911026,178.3287140245628,179.48802312218018,2
84023_606_2,160.43621638041736,174.5520084468022,178.35770961586576,178.64925638457822,179.5253712633411,2
7230_607_2,161.14203265304803,176.57700875741673,178.5272674304773,179.31135406505,179.11077992277396,2
40224_608_2,163.2899627548857,172.895722237696,176.7777271406925,178.86557836902324,179.4031905487702,2
46169_609_2,164.63454259496905,173.86881430481623,176.48383670131298,178.3097953256787,177.998706417792,2
97017_610_2,164.52582954942318,174.9853091522172,175.78663030660948,178.83241119911972,179.3805505090186,2
20088_611_2,164.1354380715648,175.3647534965686,176.6516600800928,179.74059040335894,179.65549739768645,2
62448_612_2,164.66018421043847,177.4092963901691,176.97235908920263,178.92872056223072,179.9953886697383,2
74576_613_2,168.5897749410932,174.98788542536207,178.7146397939184,178.80384897376032,179.96869083397843,2
38159_614_2,167.31758467089915,176.29041075181945,178.62632258905668,179.9872090506206,179.62421671442618,2
75196_615_2,179.4512202870936,178.4200153017176,179.37240943544307,176.1006687267689,175.72659354501567,2
45431_616_2,176.0820744171658,177.01767739659866,179.65575612416714,178.81807498225695,179.08190111341003,2
81074_617_2,167.9564913704238,178.507455755542,179.4357015506609,177.55627018608038,178.47082902576446,2
9037_618_2,164.60445074600494,177.70309659945423,175.31138116779664,173.86612422393654,175.50107784765797,2
72974_619_2,169.30872321895265,171.00532108136966,173.50235005190714,176.18083343602495,179.61661388886097,2
50040_620_2,163.7035016107456,172.13416582103454,173.85584281562276,176.13444396880087,179.27986915951587,2
7632_621_2,163.0182607321577,170.91090683347383,174.19554538395815,178.36420148653733,179.4645410144356,2
78681_622_2,162.65639110710597,171.29311032231809,174.02207914989486,178.5195241396703,178.1757613021778,2
63099_623_2,162.85091073139662,172.0290521795887,175.51956035021482,177.73635637641488,179.90287031048274,2
93995_624_2,158.96669129074644,173.65980825409017,175.3699535892023,179.83208471508638,176.21735455340368,2
1434_625_2,160.0435656569337,173.55582621328216,176.22180229283842,179.53419091723538,178.7389023852507,2
55855_626_2,160.57953451569077,174.91895825186444,176.81641450362454,177.9503793463729,177.93399243898435,2
71066_627_2,162.444951307955,168.40600550282784,171.5568090708233,176.0795755994735,178.8048022503241,2
99136_628_2,165.2688482495505,170.7302679221474,173.99883257854157,175.2014431524056,179.38773795143618,2
46894_629_2,159.79630635269112,164.6254182410482,170.3475410211277,175.05598958359468,179.34538222153188,2
41794_630_2,160.7923225847816,162.38742215707614,168.40782458970895,172.77642449456178,178.58241121148635,2
86911_631_2,159.30042930516808,172.17194072526232,177.52059351084952,177.93769283534982,177.2812929582074,2
22567_632_2,158.86721819734922,174.57817535338867,178.02262546493563,176.44934618524866,172.3614664021314,2
56229_633_2,160.3947926525348,173.21806805062167,176.7805051031471,178.82054763815265,173.70477634179514,2
57494_634_2,157.47347282900833,173.46604876686257,176.47453203105525,177.99031424414576,175.14666751213406,2
93216_635_2,159.2665193516792,175.00191208696177,177.00351892590467,178.6918154610642,171.96564916195297,2
27926_636_2,158.71535749657963,174.78270404640293,175.07078541876265,179.41852859371159,174.9089322202409,2
36440_637_2,161.06387876209152,173.68079283567724,175.1559996249193,179.65420080836824,174.45520208395212,2
50481_638_2,155.87985505281975,175.85730625449963,177.03665608467173,178.9929356078763,174.96814127940902,2
56095_639_2,154.99553902998284,177.01737786877123,177.34111560575656,172.7209170921569,168.3425138582649,2
57407_640_2,155.33922211265224,175.80660515771936,177.38868707106906,173.9674736088869,162.9087981969752,2
99559_641_2,155.8115688234486,172.64337130541054,173.29707817027582,175.54159774421478,179.0872110151845,2
5015_642_2,159.36227382246025,173.08762171607324,175.20796595306814,175.4260787400992,177.43912885086723,2
15917_643_2,168.48274330467103,178.56518264087242,175.56949774553212,175.73237828530532,178.50241226098277,2
81376_644_2,175.886558802774,179.30761802771522,175.92674752245756,175.83258971397157,179.50747621665224,2
75095_645_2,173.6536491100839,179.64048452422827,178.66336212993238,176.5285908221433,178.84654954889473,2
33386_646_2,172.53960639587885,178.19673086278502,175.22779007552384,173.56835457355598,179.50666680006606,2
72186_647_2,152.4921454832129,176.81069741584753,179.80406991048483,179.88079952111644,177.6643359948893,2
26621_648_2,151.9160984254868,178.39695696212846,177.67772303446583,176.95031513748347,175.88322780933467,2
51235_649_2,153.4101239633346,178.43104056669154,176.00736900309263,176.5165638652453,175.1578773131768,2
76320_650_2,152.82286239009952,179.58381521683344,177.29021822368892,176.30101879736156,176.10698124511816,2
28677_651_2,152.4740182954747,179.88234969407353,178.6677801461303,177.7845339451871,178.62997765901542,2
65112_652_2,154.03115128232434,179.1794690731536,176.81799191307428,176.2894954413173,177.55451706995467,2
64041_653_2,153.4463464315867,179.6926568691758,178.57567293103227,177.2380031568547,176.9797750271837,2
58703_654_2,153.06911050631578,177.38232760797868,177.7958038524722,176.9479940991505,179.8435461440441,2
13852_655_2,150.97462483933194,179.67897577934423,178.98771235122143,177.36541693793785,179.59266331560482,2
71673_656_2,152.4360201304812,178.48123852302433,178.56395634261952,179.18154453831096,179.81336945643156,2
12058_657_2,152.33425042496253,179.2735764506948,179.3862912851068,177.98759294714225,179.01928358600375,2
85127_658_2,149.28219531001295,177.03864950075217,177.43442596592823,173.75305167730153,178.51434556673442,2
4771_659_2,150.07634930029351,177.73100723086068,178.80567021550905,175.26237020753433,179.41237158376026,2
83936_660_2,152.60072233768997,179.94573530826162,179.6148738800964,176.14161773111977,179.19341475258858,2
5731_661_2,151.08880092955062,176.49384905971297,177.73296693415085,176.03551071982812,176.61465352424327,2
3254_662_2,152.20103101869046,178.91193681957344,178.204972056464,177.88585739655807,179.71352348972283,2
67689_663_2,150.66291095962353,178.10466598771313,179.20181322508216,178.29171485578325,178.3741371226003,2
65047_664_2,152.9858969163859,179.14170046996847,177.87192261310665,178.36248774611695,179.42077653277644,2
45273_665_2,150.7963582802755,179.81472730861339,178.53655753674533,178.2570804179645,176.6568508343739,2
40417_666_2,151.39284262099082,178.96775530843394,175.69355830038106,178.01201901689387,179.0823883993215,2
5286_667_2,151.06265623140914,178.29585816049155,179.4528340202811,178.75394138201275,177.404800400841,2
20604_668_2,147.7638967792059,179.55585556688857,176.86033985217983,179.73449782479207,179.41536947929512,2
85183_669_2,149.61317604705323,179.1574757392599,179.8192568155927,177.76052406204806,179.0190037558701,2
33162_670_2,148.60339737073983,179.4879712255762,178.65649107898767,178.09661115007566,176.9349616086591,2
84659_671_2,151.2393054636025,177.40101275098107,177.2275518417195,176.51540796971474,176.19936289225936,2
83559_672_2,149.80555725384087,170.7405003903081,175.81508387488145,179.38394009159998,179.49297093908652,2
2869_673_2,147.1776633036334,162.4185312249612,173.46786331214759,177.7016071081722,174.58813084768303,2
11954_674_2,144.050618442289,129.6106882400266,137.3352800742692,151.68828931739193,179.23957734592156,2
5811_675_2,135.80121641641705,118.70159583353103,118.56293103355466,122.94958226778401,175.96581953104882,2
38449_676_2,137.8613511326068,116.44788205715307,107.86129310341956,120.88227794718965,174.99747011470865,2
9954_677_2,134.48541386748255,116.04079070193997,113.61553371203615,106.52579638992563,161.50135383865847,2
94898_678_2,138.83324889388044,130.06760762657868,122.9905201210289,129.8055710922652,179.14606110059944,2
99435_679_2,142.94602330762237,144.96479637615943,164.69630587532438,178.5423416062087,171.0521646776289,2
96800_680_2,144.89550926261808,157.9931924229447,174.1229023174046,176.636818065008,171.4389590261313,2
16025_681_2,144.2829437422085,156.71195479008563,169.5031783567739,179.41270620064256,169.35938029758944,2
42136_682_2,146.371969643372,156.81650946177842,173.88004869427985,178.4071478655006,171.1483264824285,2
50638_683_2,145.3319406115091,160.55165902814278,177.5927045263207,179.34493168068937,170.67257175064253,2
11403_684_2,146.2912083637348,167.18974366002857,177.22799860149397,178.77114848353884,170.93349726018383,2
70638_685_2,150.12831825986748,163.76860424728204,174.69178116080622,177.68780734527866,172.5525831498049,2
11147_686_2,148.0821701095038,163.44448358893302,174.17194606451648,178.68486537893264,174.04573691734748,2
91407_687_2,149.62087398863164,166.3012829929156,176.68643539256,179.17684141667132,171.50457727212557,2
64034_688_2,147.37215525051823,165.29566492002425,175.01428275658037,179.00323944942568,171.70043849503097,2
33363_689_2,146.64798791216222,159.65074236666644,172.74110762186578,179.73100770630276,170.61871241196033,2
57151_690_2,149.43717121420002,153.6573793683678,170.23687731097877,178.6692533104403,170.2519623961081,2
15544_691_2,142.0420391737294,133.58259038917396,151.66954191445996,159.26139498742978,176.21297011971834,2
9901_692_2,140.61355735685336,129.96420338246898,139.85173661024868,144.61695403639132,171.6990822946672,2
84088_693_2,141.1155035662854,135.11438805024582,138.55244814593613,146.9970097080321,175.2913710427411,2
35376_694_2,146.4055049950761,123.48168096055386,133.40885972880542,149.21235393135245,176.66291676324522,2
49479_695_2,146.34353407677918,125.26044231280403,125.88324165799908,148.85504663666035,177.16258929586508,2
57769_696_2,149.43874232285236,179.20656078580996,167.0765285930986,165.8270126878555,165.62010296584296,2
60715_697_2,151.27811701747655,178.37187615683376,177.21129232015574,175.98916409529463,179.9095806439507,2
2088_698_2,151.63507880895943,179.6121786277996,175.78006404776872,176.75535867004518,178.36616740344124,2
1370_699_2,150.24670151793936,171.869897645844,163.68571101617312,164.52423111876678,174.36931724236473,2
42376_700_2,151.71233103023704,173.93619303126158,163.63359523049272,164.0409946505176,170.48227198399294,2
6368_701_2,147.13688371364933,171.38620373079104,156.91072206400023,158.00887008282288,166.18752041544053,2
58501_702_2,148.42806680513763,174.127586700377,164.3430472342043,165.58371998954573,168.7971708350722,2
23179_703_2,150.33965686305078,172.43956697982227,162.78341827719763,163.816171103775,168.11134196037202,2
60084_704_2,148.12586660504596,175.2637681841625,162.13002934575277,164.7960610774462,168.92930170449762,2
65185_705_2,150.0412179066369,173.7828179134889,163.82739347456553,164.40989646811605,171.03407686726166,2
62524_706_2,150.74474793495133,178.57318611508205,175.2458070676681,173.20067855804155,177.1356019985098,2
68235_707_2,153.4616311150849,179.17845644964714,173.050026578213,172.94151163656701,177.01571785640652,2
8714_708_2,152.2266250208851,175.8240151539431,173.27243999373215,171.5068216642018,174.40066066347939,2
40678_709_2,151.95357563076976,178.15630837658873,172.34191967366306,170.55884357583355,173.85989541353766,2
62047_710_2,155.60692955746057,177.63375200854415,169.54818776465703,167.50775628046893,172.83698406818777,2
47883_711_2,156.0665561352832,173.2670786731404,163.4155768137266,166.9816435038223,169.5537575705794,2
92673_712_2,158.05896733783698,176.12147549715237,171.28342218369673,169.45284913647063,168.75960120484459,2
85118_713_2,152.73137601293578,175.10783760901475,164.44088211598265,161.25865955480728,169.0483480849006,2
15248_714_2,152.7692580562212,151.17444691178073,154.68950689248584,158.05564255235933,168.11907731600385,2
